"Xiaomi Redmi 10 Pro 128GB 6GB Ram Note (Desbloqueado en Fábrica) 6.67"" 108MP (global)",Nuevo,,US $289.99,9 disponible(s),349 vendido(s),never-msrp,122937,99.8% de comentarios positivos,30 días para devoluciones,494 lo marcaron como favorito,USD35.99,mar. 5 abr. y el jue. 19 may. ,194060416913,https://i.ebayimg.com/images/g/4nAAAOSwfmBgR9-L/s-l300.jpg,https://www.ebay.com/itm/194060416913?_trkparms=5373%3A0%7C5374%3AFeatured
Samsung Galaxy S10 G973U ATT-Mobile Sprint Verizon Desbloqueado T-Excelente -,Excelente - restaurado,Samsung Galaxy S10 128GB. Unlocked and fully compatible with all carriers worldwide (GSM and CDMA). ,US $254.00,Más de 10 disponibles,214 vendido(s),bobcat_wireless,28544,99.9% de comentarios positivos,30 días para devoluciones,169 lo marcaron como favorito,USD32.55,lun. 4 abr. y el vie. 8 abr.,255254411221,https://i.ebayimg.com/images/g/T-oAAOSwnd1iITn-/s-l300.jpg,https://www.ebay.com/itm/255254411221?_trkparms=5373%3A0%7C5374%3AFeatured
"OnePlus 9 128GB 8GB Ram LE2110 (Desbloqueado en Fábrica) 6.55"" Snapdragon 888 50MP",Nuevo,,US $472.99,4 disponible(s),179 vendido(s),never-msrp,122937,99.8% de comentarios positivos,30 días para devoluciones,247 lo marcaron como favorito,USD35.99,mar. 5 abr. y el jue. 19 may. ,194028670118,https://i.ebayimg.com/images/g/KTQAAOSw7g9gce3O/s-l300.jpg,https://www.ebay.com/itm/194028670118?_trkparms=5373%3A0%7C5374%3AFeatured
"Samsung Galaxy Note 20 256GB 8GB Ram SM-N9810 (Desbloqueado en Fábrica) 6.7"" 64MP",Nuevo,,US $679.99,Más de 10 disponibles,537 vendido(s),never-msrp,122937,99.8% de comentarios positivos,30 días para devoluciones,733 lo marcaron como favorito,USD35.99,mar. 5 abr. y el jue. 19 may. ,224131706441,https://i.ebayimg.com/images/g/gEYAAOSwhOtgZyo8/s-l300.jpg,https://www.ebay.com/itm/224131706441?_trkparms=5373%3A0%7C5374%3AFeatured
Apple iPhone 11 - 64GB-Desbloqueado de fábrica-Buen Estado,Bueno - restaurado,Fully tested and restored to factory settings by our in house technicians. - Good – This product is ,US $348.99,Más de 10 disponibles,782 vendido(s),electro-wireless,26940,96.6% de comentarios positivos,1.219 lo marcaron como favorito,,USD34.78,lun. 4 abr. y el vie. 8 abr.,144195215991,https://i.ebayimg.com/images/g/N0MAAOSw9JVhO7M9/s-l300.jpg,https://www.ebay.com/itm/144195215991?_trkparms=5373%3A0%7C5374%3AFeatured
"OnePlus 9 256GB 12GB Ram LE2110 (Desbloqueado en Fábrica) 6.55"" Snapdragon 888 50MP",Nuevo,,US $513.99,1 disponible(s),256 vendido(s),never-msrp,122937,99.8% de comentarios positivos,30 días para devoluciones,394 lo marcaron como favorito,USD35.99,mar. 5 abr. y el jue. 19 may. ,224419499141,https://i.ebayimg.com/images/g/OQQAAOSwpgRgce3Y/s-l300.jpg,https://www.ebay.com/itm/224419499141?_trkparms=5373%3A0%7C5374%3AFeatured
"OnePlus 9 Pro 5G 12/256GB 6.7"" 50MP Snapdragon 888 ocho núcleos 4500 mAh por FedEx",Nuevo,,US $845.63,Más de 10 disponibles,30 días para devoluciones,bq_shop,17625,95.4% de comentarios positivos,29 lo marcaron como favorito,,USD42.00,mié. 20 abr.  y el mié. 4 may.,333968906156,https://i.ebayimg.com/images/g/NswAAOSwP6RgYvFj/s-l300.jpg,https://www.ebay.com/itm/333968906156?_trkparms=5373%3A0%7C5374%3AFeatured
"Sony XPERIA 1 III XQ-BC72 512GB 12GB Ram Doble Sim (Desbloqueado en Fábrica) 6.5""",Nuevo,,US $879.99,5 disponible(s),160 vendido(s),never-msrp,122937,99.8% de comentarios positivos,30 días para devoluciones,270 lo marcaron como favorito,USD35.99,mar. 5 abr. y el jue. 19 may. ,203539973080,https://i.ebayimg.com/images/g/fvMAAOSwZXFhArdS/s-l300.jpg,https://www.ebay.com/itm/203539973080?_trkparms=5373%3A0%7C5374%3AFeatured
Apple iPhone 8 64GB Desbloqueado AT&T T-Plus móvil Verizon Muy Buen Estado,Muy bueno - restaurado,100% Fully Functional - Very Good Cosmetic Condition. Very minimal signs of wear. See below for full ,US $237.95,Existencias limitadas,413 vendido(s),supplytronics,80900,98.4% de comentarios positivos,287 lo marcaron como favorito,,USD32.17,mar. 5 abr. y el mar. 12 abr. ,294291252463,https://i.ebayimg.com/images/g/92oAAOSwgsxhjFs2/s-l300.jpg,https://www.ebay.com/itm/294291252463?_trkparms=5373%3A0%7C5374%3AFeatured
"Apple iPhone 13 Real Pro 6.1"" A2639 Dual Sim 128GB teléfono por FedEx",Nuevo,,US $1 574.81,2 disponible(s),30 días para devoluciones,bq_shop,17625,95.4% de comentarios positivos,138 lo marcaron como favorito,,USD42.00,mié. 6 abr. y el lun. 25 abr. ,224640928625,https://i.ebayimg.com/images/g/KLMAAOSwpbFhQtkr/s-l300.jpg,https://www.ebay.com/itm/224640928625?_trkparms=5373%3A0%7C5374%3AFeatured
Apple iPhone 7 32GB GSM Desbloqueado-Móvil AT&T T Muy Buen Estado,Muy bueno - restaurado,100% Fully Functional - Very Good Cosmetic Condition. Very minimal signs of wear. See below for full ,US $108.95,Existencias limitadas,826 vendido(s),supplytronics,80900,98.4% de comentarios positivos,326 lo marcaron como favorito,,USD29.14,mar. 5 abr. y el mar. 12 abr. ,294291235860,https://i.ebayimg.com/images/g/v2MAAOSwj8xhjFeo/s-l300.jpg,https://www.ebay.com/itm/294291235860?_trkparms=5373%3A0%7C5374%3AFeatured
Apple iPhone XR 64GB 4G LTE GSM (Desbloqueado) Teléfono inteligente de un plan de 3 meses + Gratis,Caja abierta,Fully Tested and Functional Device in Excellent Condition and ready for resale. The device will look ,US $279.99,Existencias limitadas,253 vendido(s),qualitycellz,151951,100% de comentarios positivos,30 días para devoluciones,373 lo marcaron como favorito,USD33.16,mar. 5 abr. y el jue. 21 abr. ,383963806464,https://i.ebayimg.com/images/g/AHsAAOSwmSdg-gfr/s-l300.jpg,https://www.ebay.com/itm/383963806464?_trkparms=5373%3A0%7C5374%3AFeatured
"Asus ROG teléfono 5S ZS676KS 256GB 16GB RAM (Desbloqueado en Fábrica) 6.78"" 64MP",Nuevo,,US $779.99,3 disponible(s),46 vendido(s),never-msrp,122937,99.8% de comentarios positivos,30 días para devoluciones,105 lo marcaron como favorito,USD45.99,mar. 5 abr. y el jue. 19 may. ,224640050973,https://i.ebayimg.com/images/g/Mo0AAOSwUNZgS63q/s-l300.jpg,https://www.ebay.com/itm/224640050973?_trkparms=5373%3A0%7C5374%3AFeatured
"Nuevo HP 15.6"" FHD AMD Ryzen 5 5500U 2.10GHz 8GB Ram 256GB nvme Ssd Windows 11",Nuevo,,US $454.99,Existencias limitadas,265 vendido(s),re_tech_deals,12008,100% de comentarios positivos,30 días para devoluciones,701 lo marcaron como favorito,USD100.00,jue. 7 abr. y el mar. 10 may. ,194496083752,https://i.ebayimg.com/images/g/Hw8AAOSwgA1h5d7E/s-l300.jpg,https://www.ebay.com/itm/194496083752?_trkparms=5373%3A0%7C5374%3AFeatured
Laptop con pantalla táctil HP 14 Series 14 Intel Celeron N4020 4GB Ram 64GB eMMC Snow W,Nuevo,,US $249.99,Más de 10 disponibles,1.467 vendido(s),antonline,306741,98.7% de comentarios positivos,1.159 lo marcaron como favorito,,USD59.71,mié. 6 abr. y el vie. 15 abr. ,294446247949,https://i.ebayimg.com/images/g/~VcAAOSwpvJhafb4/s-l300.jpg,https://www.ebay.com/itm/294446247949?_trkparms=5373%3A0%7C5374%3AFeatured
Nuevo Apple iPad 10.2 9th Generación con Pantalla Retina 64GB Wifi Pick Gris y Plata + Stylus,Nuevo,,US $384.99,Existencias limitadas,792 vendido(s),re_tech_deals,12008,100% de comentarios positivos,30 días para devoluciones,854 lo marcaron como favorito,USD100.00,jue. 7 abr. y el mar. 10 may. ,194425595870,https://i.ebayimg.com/images/g/bBMAAOSwn~th-G-h/s-l300.png,https://www.ebay.com/itm/194425595870?_trkparms=5373%3A0%7C5374%3AFeatured
"Apple iPhone 13 Real Pro 6.1"" A2639 Dual Sim 256GB teléfono por FedEx",Nuevo,,US $1 567.84,1 disponible(s),20 vendido(s),bq_shop,17625,95.4% de comentarios positivos,30 días para devoluciones,407 lo marcaron como favorito,USD42.00,mié. 6 abr. y el lun. 25 abr. ,324823435665,https://i.ebayimg.com/images/g/KLMAAOSwpbFhQtkr/s-l300.jpg,https://www.ebay.com/itm/324823435665?_trkparms=5373%3A0%7C5374%3AFeatured
Xbox S fortnite y Rocket League Series Paquete-incluye Xbox Control Inalámbrico,Nuevo,,US $299.99,Más de 10 disponibles,2.019 vendido(s),antonline,306741,98.7% de comentarios positivos,1.883 lo marcaron como favorito,,USD64.21,mié. 6 abr. y el vie. 15 abr. ,294791849968,https://i.ebayimg.com/images/g/wJMAAOSwsyph-1QC/s-l300.png,https://www.ebay.com/itm/294791849968?_trkparms=5373%3A0%7C5374%3AFeatured
La consola 512GB SSD Xbox Series-Incluye Xbox Controlador Inalámbrico-hasta 120,Nuevo,,US $299.99,Más de 10 disponibles,252 vendido(s),antonline,306741,98.7% de comentarios positivos,369 lo marcaron como favorito,,USD57.52,mié. 6 abr. y el vie. 15 abr. ,125130710386,https://i.ebayimg.com/images/g/aVgAAOSw8Ndh-1Lv/s-l300.jpg,https://www.ebay.com/itm/125130710386?_trkparms=5373%3A0%7C5374%3AFeatured
!!! nuevo!!! Invicta Pro Diver Cuadrante Champagne Dorado Números Romanos Reloj para hombre 16739,Nuevo con etiquetas,,US $69.49,Existencias limitadas,3.285 vendido(s),timepiece-trading,21428,99.9% de comentarios positivos,6.240 lo marcaron como favorito,,USD39.50,mié. 13 abr.  y el mar. 10 may. ,142994984424,https://i.ebayimg.com/images/g/DacAAOSw2TthZxuw/s-l300.jpg,https://www.ebay.com/itm/142994984424?_trkparms=5373%3A0%7C5374%3AFeatured%7C5079%3A6000012239
Reloj Invicta Para Mujer Plateado Caja de acero inoxidable de Oro Rosa Dial Pulsera 19218,Nuevo con etiquetas,,US $59.99,Último,429 vendido(s),mygiftstop,109036,99.6% de comentarios positivos,30 días para devoluciones,665 lo marcaron como favorito,USD28.95,lun. 18 abr.  y el lun. 2 may.,352990870330,https://i.ebayimg.com/images/g/TIEAAOSwtUpeXnMj/s-l300.jpg,https://www.ebay.com/itm/352990870330?_trkparms=5373%3A0%7C5374%3AFeatured%7C5079%3A6000012239
Invicta Hombre Reloj Pro Diver Cuadrante Azul de Cuarzo Pulsera dos tonos de acero 8935,Nuevo con etiquetas,,US $49.99,10 disponible(s),1.416 vendido(s),mygiftstop,109036,99.6% de comentarios positivos,30 días para devoluciones,1.777 lo marcaron como favorito,USD28.95,lun. 18 abr.  y el lun. 2 may.,352144690670,https://i.ebayimg.com/images/g/uPsAAOSwgB1hbbSG/s-l300.jpg,https://www.ebay.com/itm/352144690670?_trkparms=5373%3A0%7C5374%3AFeatured%7C5079%3A6000012239
Reloj de Pulsera Invicta para Hombre Pro Diver Cuadrante Cuarzo Champán Pulsera dos tonos 30617,Nuevo con etiquetas,,US $51.99,10 disponible(s),187 vendido(s),mygiftstop,109036,99.6% de comentarios positivos,30 días para devoluciones,531 lo marcaron como favorito,USD28.95,lun. 18 abr.  y el lun. 2 may.,334142411220,https://i.ebayimg.com/images/g/FoMAAOSw1gdhOhFF/s-l300.jpg,https://www.ebay.com/itm/334142411220?_trkparms=5373%3A0%7C5374%3AFeatured%7C5079%3A6000012239
"Renewgoo DEATHSTAR Pro Auriculares Para Juegos Con Micrófono, PS4, PC, Xbox, Switch, Portátiles",Nuevo,,US $34.95,Existencias limitadas,30 días para devoluciones,savingsempire,6812,97.6% de comentarios positivos,,,USD26.32,mar. 5 abr. y el jue. 14 abr. ,234463515742,https://i.ebayimg.com/images/g/jawAAOSwErliLSUH/s-l300.jpg,https://www.ebay.com/itm/234463515742?_trkparms=5373%3A0%7C5374%3AFeatured%7C5079%3A6000007273
Sony Playstation 5 versión disco con la estación de carga y arranque Pack Paquete,Nuevo,,US $899.00,Existencias limitadas,30 días para devoluciones,pro-distributing,30160,98.7% de comentarios positivos,43 lo marcaron como favorito,,USD114.68,lun. 4 abr. y el mar. 19 abr. ,284645101284,https://i.ebayimg.com/images/g/H0kAAOSwW6piKk~F/s-l300.jpg,https://www.ebay.com/itm/284645101284?_trkparms=5373%3A0%7C5374%3AFeatured%7C5079%3A6000007273
Nintendo Switch-HAC-001 (-01) Crossing: Nuevo Horizon-Animal Edición Especial,Nuevo,,US $320.00,Existencias limitadas,3.059 vendido(s),alldayzip,35064,99.9% de comentarios positivos,30 días para devoluciones,2.468 lo marcaron como favorito,USD47.84,mié. 6 abr. y el mié. 13 abr. ,164431476115,https://i.ebayimg.com/images/g/qrkAAOSwWqBff0Ml/s-l300.jpg,https://www.ebay.com/itm/164431476115?_trkparms=5373%3A0%7C5374%3AFeatured%7C5079%3A6000007273
Microsoft-Xbox – fortnite & Rocket Series S League Paquete (Disco-Gaming libre),Nuevo,,US $280.00,Existencias limitadas,30 días para devoluciones,alldayzip,35064,99.9% de comentarios positivos,90 lo marcaron como favorito,,USD73.63,mié. 6 abr. y el mié. 13 abr. ,154747138318,https://i.ebayimg.com/images/g/DtwAAOSwpaxhr680/s-l300.jpg,https://www.ebay.com/itm/154747138318?_trkparms=5373%3A0%7C5374%3AFeatured%7C5079%3A6000007273
Garmin Vivoactive 3 GPS ESTADO FÍSICO Smartwatch Tracker Negro y Gris Plomo 010-01769-11,Nuevo,,US $130.99,Existencias limitadas,286 vendido(s),buydig,605396,99.1% de comentarios positivos,500 lo marcaron como favorito,,USD33.13,mar. 5 abr. y el jue. 14 abr. ,313334079140,https://i.ebayimg.com/images/g/Q0AAAOSwE3BfzpoW/s-l300.jpg,https://www.ebay.com/itm/313334079140?_trkparms=5373%3A0%7C5374%3AFeatured%7C5079%3A6000008141
GPS Garmin Vivoactive 4S SmartWatch - (Negro/Pizarra),Nuevo,,US $298.99,Existencias limitadas,197 vendido(s),buydig,605396,99.1% de comentarios positivos,218 lo marcaron como favorito,,USD33.61,mar. 5 abr. y el jue. 14 abr. ,324410362910,https://i.ebayimg.com/images/g/2MkAAOSwE3Bf0Eqw/s-l300.jpg,https://www.ebay.com/itm/324410362910?_trkparms=5373%3A0%7C5374%3AFeatured%7C5079%3A6000008141
Garmin Fenix 6X Pro Solar EcoTread GPS Reloj inteligente (Gris Titanio Carbono) (010-02,Nuevo,,US $793.99,Existencias limitadas,34 vendido(s),buydig,605396,99.1% de comentarios positivos,98 lo marcaron como favorito,,USD45.24,mar. 5 abr. y el jue. 14 abr. ,334215626059,https://i.ebayimg.com/images/g/L3sAAOSwjWBhjctA/s-l300.jpg,https://www.ebay.com/itm/334215626059?_trkparms=5373%3A0%7C5374%3AFeatured%7C5079%3A6000008141
GPS Garmin Fenix 6 Zafiro EcoTread Smartwatch Carbon Gris DLC Con Banda Negra,Nuevo,,US $653.99,Existencias limitadas,52 vendido(s),buydig,605396,99.1% de comentarios positivos,30 lo marcaron como favorito,,USD41.95,mar. 5 abr. y el jue. 14 abr. ,324879872030,https://i.ebayimg.com/images/g/tGwAAOSwcVphjctA/s-l300.jpg,https://www.ebay.com/itm/324879872030?_trkparms=5373%3A0%7C5374%3AFeatured%7C5079%3A6000008141
Nuevo Para Hombre The North Face Polar Chaqueta Abrigo Camiseta siete cae,Nuevo sin etiquetas,Note: This is past season item and does not include The North Face warranty.,US $69.90,Existencias limitadas,26 vendido(s),brandjc17,68576,98.3% de comentarios positivos,32 lo marcaron como favorito,,USD41.96,vie. 8 abr. y el jue. 14 abr. ,313821246636,https://i.ebayimg.com/images/g/vT4AAOSwUwxh1hlv/s-l300.png,https://www.ebay.com/itm/313821246636?_trkparms=5373%3A0%7C5374%3AFeatured%7C5079%3A6000007516
Levis Mens 501 Original Pantalón Vaquero De Pierna Recta Cierre De Botones 100% algodón,Nuevo con etiquetas,,US $40.88,Existencias limitadas,34 vendido(s),designerbrandsforless,83157,98.9% de comentarios positivos,30 días para devoluciones,236 lo marcaron como favorito,USD12.99,lun. 18 abr.  y el lun. 2 may.,194364901418,https://i.ebayimg.com/images/g/OSYAAOSw9N5iNBjt/s-l300.jpg,https://www.ebay.com/itm/194364901418?_trkparms=5373%3A0%7C5374%3AFeatured%7C5079%3A6000007516
Puma Para Hombres Sudadera con capucha logotipo Classics,Nuevo con etiquetas,,US $39.99,Existencias limitadas,37 vendido(s),,PUMAofficialpumastore(Nombre de usuario),Contactar al vendedor,30 días para devoluciones,228 lo marcaron como favorito,USD26.44,vie. 8 abr. y el jue. 21 abr. ,284454464408,https://i.ebayimg.com/images/g/vt0AAOSwXZphlYy9/s-l300.jpg,https://www.ebay.com/itm/284454464408?_trkparms=5373%3A0%7C5374%3AFeatured%7C5079%3A6000007516
Sudadera para hombre Adidias Original Trébol Logo Calentamiento Redondo Manga Larga Suéter,Nuevo con etiquetas,,US $43.88,Existencias limitadas,30 días para devoluciones,designerbrandsforless,83157,98.9% de comentarios positivos,8 lo marcaron como favorito,,USD12.99,lun. 18 abr.  y el lun. 2 may.,203854514489,https://i.ebayimg.com/images/g/tUcAAOSwy5xiIwrI/s-l300.jpg,https://www.ebay.com/itm/203854514489?_trkparms=5373%3A0%7C5374%3AFeatured%7C5079%3A6000007516
Sudadera para mujer Adidas Acanalado Suave Terry Francés Cuello Redondo Suéter Superior Activo,Nuevo con etiquetas,,US $44.88,Existencias limitadas,30 días para devoluciones,designerbrandsforless,83157,98.9% de comentarios positivos,5 lo marcaron como favorito,,USD12.99,lun. 18 abr.  y el lun. 2 may.,194889527884,https://i.ebayimg.com/images/g/XSUAAOSwrdZiIcDR/s-l300.jpg,https://www.ebay.com/itm/194889527884?_trkparms=5373%3A0%7C5374%3AFeatured%7C5079%3A6000007374
Sudadera Nike De Mujer Esencial Manga Larga De Lana Redondo Swoosh Athletic,Nuevo con etiquetas,,US $43.88,Existencias limitadas,30 días para devoluciones,designerbrandsforless,83157,98.9% de comentarios positivos,5 lo marcaron como favorito,,USD12.99,lun. 18 abr.  y el lun. 2 may.,194891657284,https://i.ebayimg.com/images/g/-6EAAOSwD2xiIwpl/s-l300.jpg,https://www.ebay.com/itm/194891657284?_trkparms=5373%3A0%7C5374%3AFeatured%7C5079%3A6000007374
Sudadera para mujer Adidas Adicolor Essentials Fleece Pullover Suéter Casual,Nuevo con etiquetas,,US $39.88,Existencias limitadas,30 días para devoluciones,designerbrandsforless,83157,98.9% de comentarios positivos,10 lo marcaron como favorito,,USD12.99,lun. 18 abr.  y el lun. 2 may.,203848794990,https://i.ebayimg.com/images/g/OEQAAOSwqyBiIGMW/s-l300.jpg,https://www.ebay.com/itm/203848794990?_trkparms=5373%3A0%7C5374%3AFeatured%7C5079%3A6000007374
Nike Mujeres Sudadera Essentials sobre-Pullover Suéter polar de cuello redondo de gran tamaño,Nuevo con etiquetas,,US $43.88,Existencias limitadas,30 días para devoluciones,designerbrandsforless,83157,98.9% de comentarios positivos,32 lo marcaron como favorito,,USD12.99,lun. 18 abr.  y el lun. 2 may.,353941130259,https://i.ebayimg.com/images/g/urgAAOSwgB1iHwOE/s-l300.jpg,https://www.ebay.com/itm/353941130259?_trkparms=5373%3A0%7C5374%3AFeatured%7C5079%3A6000007374
Pokemon Shining Fates Booster 36 Pack Lote-Caja cantidad-Nuevo Y Sellado!,New/Factory Sealed,,US $179.00,Existencias limitadas,23 vendido(s),cataclysmcollectables,46588,99.9% de comentarios positivos,112 lo marcaron como favorito,,USD30.79,mar. 5 abr. y el mar. 12 abr. ,373960741885,https://i.ebayimg.com/images/g/5LgAAOSwlkViIiTA/s-l300.jpg,https://www.ebay.com/itm/373960741885?_trkparms=5373%3A0%7C5374%3AFeatured%7C5079%3A6000007519
Yugioh Brothers of Legend Booster Box 1st Edición de sellado de fábrica! en Mano!,New/Factory Sealed,,US $58.99,Existencias limitadas,680 vendido(s),pfootballpete4dhx,375154,99.1% de comentarios positivos,398 lo marcaron como favorito,,USD31.44,jue. 7 abr. y el mié. 13 abr. ,165261148248,https://i.ebayimg.com/images/g/mw4AAOSwPNdhp~JG/s-l300.jpg,https://www.ebay.com/itm/165261148248?_trkparms=5373%3A0%7C5374%3AFeatured%7C5079%3A6000007519
Conjunto de 2 Pokemon TCG: Glaceon & Leafeon Vstar buques de colección especial 1/28,New/Factory Sealed,,US $47.85,Existencias limitadas,552 vendido(s),pfootballpete4dhx,375154,99.1% de comentarios positivos,477 lo marcaron como favorito,,USD31.17,jue. 7 abr. y el mié. 13 abr. ,165292690387,https://i.ebayimg.com/images/g/2i4AAOSwfhNh6XFB/s-l300.jpg,https://www.ebay.com/itm/165292690387?_trkparms=5373%3A0%7C5374%3AFeatured%7C5079%3A6000007519
El Grand Creators Booster Box Yugioh 1st edición Konami inglés Preventa 1/28!,New/Factory Sealed,,US $54.99,Existencias limitadas,228 vendido(s),pfootballpete4dhx,375154,99.1% de comentarios positivos,110 lo marcaron como favorito,,USD31.34,jue. 7 abr. y el mié. 13 abr. ,165292798009,https://i.ebayimg.com/images/g/jYYAAOSwZClh6Yba/s-l300.jpg,https://www.ebay.com/itm/165292798009?_trkparms=5373%3A0%7C5374%3AFeatured%7C5079%3A6000007519
Gymax 10Ft 3 nivel patio Market Umbrella Sombrilla Refugio doble ventilación de aluminio,Nuevo,,US $124.99,Existencias limitadas,,dotandbo_us,1879,97.4% de comentarios positivos,,,USD69.99,mar. 5 abr. y el jue. 21 abr. ,203796468775,https://i.ebayimg.com/images/g/ijkAAOSw6dlh6D4n/s-l300.jpg,https://www.ebay.com/itm/203796468775?_trkparms=5373%3A0%7C5374%3AFeatured%7C5079%3A6000007518
Milan flecos 9 ft Manivela botón de inclinación paraguas al aire libre azul marino/Blanco,Nuevo,,US $169.99,,,dotandbo_us,1879,97.4% de comentarios positivos,,,USD73.95,mar. 5 abr. y el jue. 21 abr. ,203796496076,https://i.ebayimg.com/images/g/cKgAAOSwbxxh6EU4/s-l300.jpg,https://www.ebay.com/itm/203796496076?_trkparms=5373%3A0%7C5374%3AFeatured%7C5079%3A6000007518
Costway 3 en 1 Juego De Patio Mesa Sillas Madera Maciza Muebles de jardín,Nuevo,,US $224.99,,,dotandbo_us,1879,97.4% de comentarios positivos,,,USD55.76,mar. 5 abr. y el jue. 21 abr. ,203796536766,https://i.ebayimg.com/images/g/PbwAAOSwI8Rh6E61/s-l300.jpg,https://www.ebay.com/itm/203796536766?_trkparms=5373%3A0%7C5374%3AFeatured%7C5079%3A6000007518
Costway 10Ft paraguas del patio solar LED para Exterior de mercado inclinación de acero con manivela al aire libre,Nuevo,,US $204.99,,,dotandbo_us,1879,97.4% de comentarios positivos,,,USD83.52,mar. 5 abr. y el jue. 21 abr. ,203796537068,https://i.ebayimg.com/images/g/9kgAAOSwUYph6E6-/s-l300.jpg,https://www.ebay.com/itm/203796537068?_trkparms=5373%3A0%7C5374%3AFeatured%7C5079%3A6000007518
Lenovo IdeaPad 3 17.3 computadora portátil Intel Core i7-1165G7 8GB Ram 256GB SSD Arctic Grey,Nuevo,,US $649.99,Existencias limitadas,52 lo marcaron como favorito,antonline,306741,98.7% de comentarios positivos,,,USD69.11,mié. 6 abr. y el vie. 15 abr. ,304351986185,https://i.ebayimg.com/images/g/v~4AAOSwsfpiBKsU/s-l300.jpg,https://www.ebay.com/itm/304351986185?_trkparms=5373%3A0%7C5374%3AFeatured%7C5079%3A6000007517
MSI Modern 15 moderno 15 A11MU-653 15.6 Resistente Ultrabook-Full Hd - 1920 X 1080,Nuevo,,US $649.99,Existencias limitadas,82 lo marcaron como favorito,antonline,306741,98.7% de comentarios positivos,,,USD69.11,mié. 6 abr. y el vie. 15 abr. ,304174678477,https://i.ebayimg.com/images/g/jM0AAOSw7qViKnBH/s-l300.jpg,https://www.ebay.com/itm/304174678477?_trkparms=5373%3A0%7C5374%3AFeatured%7C5079%3A6000007517
"Nuevo Lenovo IdeaPad 3 17.3"" Full HD i5-1135G7 20GB 1TB PCIe SSD Cam fpreader Win 11",Nuevo,,US $699.00,Existencias limitadas,30 días para devoluciones,themaxmart,10844,100% de comentarios positivos,8 lo marcaron como favorito,,USD56.75,lun. 4 abr. y el mar. 12 abr. ,304353078086,https://i.ebayimg.com/images/g/ayEAAOSwsQ1h32rG/s-l300.jpg,https://www.ebay.com/itm/304353078086?_trkparms=5373%3A0%7C5374%3AFeatured%7C5079%3A6000007517
"Nuevo Lenovo IdeaPad 3i 15.6"" FHD Pentium oro 7505 20GB 1TB SSD Cámara web fpreader",Nuevo,,US $529.00,Existencias limitadas,25 vendido(s),themaxmart,10844,100% de comentarios positivos,30 días para devoluciones,69 lo marcaron como favorito,USD52.75,lun. 4 abr. y el mar. 12 abr. ,115153402167,https://i.ebayimg.com/images/g/xJ4AAOSwPD9hw3d9/s-l300.jpg,https://www.ebay.com/itm/115153402167?_trkparms=5373%3A0%7C5374%3AFeatured%7C5079%3A6000007517
"Kt Tape Kinesiológico Terapéutico Elástico Deportes ktflex Precortada Flex Cinta, 8 Tiras",Nuevo,,US $12.79,Existencias limitadas,413 vendido(s),,forzasports,99.4% de comentarios positivos,60 días para devoluciones,399 lo marcaron como favorito,USD3.44,mié. 6 abr. y el lun. 2 may.,362575535246,https://i.ebayimg.com/images/g/fVoAAOSw8adcgYs4/s-l300.jpg,https://www.ebay.com/itm/362575535246?_trkparms=5373%3A0%7C5374%3AFeatured%7C5079%3A6000007375
Píldora Performa 7 días Contenedor Case-Apto para lavavajillas y libre de BPA,Nuevo,,US $8.39,Existencias limitadas,368 vendido(s),,forzasports,99.4% de comentarios positivos,60 días para devoluciones,311 lo marcaron como favorito,USD2.75,mié. 6 abr. y el lun. 2 may.,143123263173,https://i.ebayimg.com/images/g/R8sAAOSwqYhh8Yzi/s-l300.jpg,https://www.ebay.com/itm/143123263173?_trkparms=5373%3A0%7C5374%3AFeatured%7C5079%3A6000007375
Contenedor Performa diario Píldora Caso-Apto para lavavajillas y libre de BPA,Nuevo,,US $7.59,Existencias limitadas,179 vendido(s),,forzasports,99.4% de comentarios positivos,60 días para devoluciones,260 lo marcaron como favorito,USD2.07,mié. 6 abr. y el lun. 2 may.,382775933575,https://i.ebayimg.com/images/g/wNcAAOSwP79cdqJE/s-l300.jpg,https://www.ebay.com/itm/382775933575?_trkparms=5373%3A0%7C5374%3AFeatured%7C5079%3A6000007375
"Coghlan's Kit de cuidado de los pies, pre-corte Piel de Topo, tiras adhesivas & antisépticas Toallitas",Nuevo,,US $7.39,Existencias limitadas,60 días para devoluciones,,forzasports,99.4% de comentarios positivos,49 lo marcaron como favorito,,USD2.07,mié. 6 abr. y el lun. 2 may.,143767139312,https://i.ebayimg.com/images/g/oy0AAOSw-ntfdy6o/s-l300.jpg,https://www.ebay.com/itm/143767139312?_trkparms=5373%3A0%7C5374%3AFeatured%7C5079%3A6000007375
Treblab HD77 mejor Altavoz Bluetooth Estéreo Portátil Inalámbrico 25W Fuerte Impermeable,Nuevo,,US $82.97,Existencias limitadas,703 vendido(s),productech,12690,98.5% de comentarios positivos,30 días para devoluciones,680 lo marcaron como favorito,USD13.00,mié. 13 abr.  y el mar. 10 may. ,273503811474,https://i.ebayimg.com/images/g/e1sAAOSwk5Fd8iE-/s-l300.jpg,https://www.ebay.com/itm/273503811474?_trkparms=5373%3A0%7C5374%3AFeatured%7C5079%3A6000007373
Altavoz Bluetooth TREBLAB HD7 Mini 12W Inalámbrico Portátil Impermeable Fuerte Pequeño,Nuevo,,US $49.97,Existencias limitadas,220 vendido(s),productech,12690,98.5% de comentarios positivos,30 días para devoluciones,434 lo marcaron como favorito,USD13.00,mié. 13 abr.  y el mar. 10 may. ,273887894489,https://i.ebayimg.com/images/g/1JsAAOSwt1ZekDvi/s-l300.jpg,https://www.ebay.com/itm/273887894489?_trkparms=5373%3A0%7C5374%3AFeatured%7C5079%3A6000007373
TREBLAB Z7 PRO-Hybryd Active Noise Canceling Headphones con micrófono,Nuevo,,US $139.97,Existencias limitadas,30 días para devoluciones,productech,12690,98.5% de comentarios positivos,15 lo marcaron como favorito,,USD13.00,mié. 13 abr.  y el mar. 10 may. ,275022189514,https://i.ebayimg.com/images/g/rEsAAOSwWRZhi5N3/s-l300.jpg,https://www.ebay.com/itm/275022189514?_trkparms=5373%3A0%7C5374%3AFeatured%7C5079%3A6000007373
DA2 Decibel atmósfera Inalámbrico Bluetooth Auriculares Impermeable (Negro),Nuevo,,,Existencias limitadas,53 lo marcaron como favorito,ig_deals,2428,95.9% de comentarios positivos,,,USD13.00,jue. 7 abr. y el mar. 10 may. ,174439028235,https://i.ebayimg.com/images/g/N6AAAOSwrTlfYl6L/s-l300.jpg,https://www.ebay.com/itm/174439028235?_trkparms=5373%3A0%7C5374%3AFeatured%7C5079%3A6000007373
Par Delantero Puntal Amortiguador Para Chevy Tahoe Suburban Magnético assys 84176631,Nuevo,,,Existencias limitadas,81 vendido(s),quality-chaser,2783,98.3% de comentarios positivos,30 días para devoluciones,32 lo marcaron como favorito,USD158.00,mié. 6 abr. y el lun. 2 may.,133870213258,https://i.ebayimg.com/images/g/VRwAAOSwnDBhgNMD/s-l300.jpg,https://www.ebay.com/itm/133870213258?_trkparms=5373%3A0%7C5374%3AFeatured%7C5079%3A6000007156
Máquina De Humo automotriz Evap y vacío Diagnóstico Probador de detección de fugas,Nuevo,,,Existencias limitadas,5.197 vendido(s),autoline_pro,8038,99.6% de comentarios positivos,30 días para devoluciones,2.562 lo marcaron como favorito,USD31.65,mié. 6 abr. y el mié. 13 abr. ,283210079548,https://i.ebayimg.com/images/g/NzgAAOSwT8lhe7jB/s-l300.jpg,https://www.ebay.com/itm/283210079548?_trkparms=5373%3A0%7C5374%3AFeatured%7C5079%3A6000007156
Para 2008-2011 Benz W204 C250 C280 C300 C350 Negro Faros De Proyector Con Led,Nuevo,,US $372.99,Existencias limitadas,36 lo marcaron como favorito,autozensation,56726,97.6% de comentarios positivos,,,USD159.93,mar. 5 abr. y el jue. 14 abr. ,313850049476,https://i.ebayimg.com/images/g/bJkAAOSwuAdiPB~p/s-l300.jpg,https://www.ebay.com/itm/313850049476?_trkparms=5373%3A0%7C5374%3AFeatured%7C5079%3A6000007156
Para 2018-2021 Honda Accord Sedan Luces Traseras Negro + LED secuencial señal dinámico,Nuevo,,US $260.99,Existencias limitadas,21 vendido(s),autozensation,56726,97.6% de comentarios positivos,44 lo marcaron como favorito,,USD93.66,mar. 5 abr. y el jue. 14 abr. ,313831265161,https://d3d71ba2asa5oz.cloudfront.net/12008507/images/lt-acd184jm-sq1-rs.jpg?mar31refresh,https://www.ebay.com/itm/313831265161?_trkparms=5373%3A0%7C5374%3AFeatured%7C5079%3A6000007156
Rockville RCS650-6 650 vatios 6 Zone 70v Comercial/Restaurante Amplificador/Bluetooth,Nuevo,,US $349.95,Existencias limitadas,30 días para devoluciones,audiosavings,732813,97% de comentarios positivos,15 lo marcaron como favorito,,USD138.06,mar. 5 abr. y el jue. 14 abr. ,353744551181,https://i.ebayimg.com/images/g/V7UAAOSwlNFiId7x/s-l300.jpg,https://www.ebay.com/itm/353744551181?_trkparms=5373%3A0%7C5374%3AFeatured%7C5079%3A6000007515
US Swift 40X-2500X Binocular Microscopio Compuesto de laboratorio con Etapa mecánica 3D LED,Nuevo,,,Existencias limitadas,213 vendido(s),swiftopticalus,1905,100% de comentarios positivos,30 días para devoluciones,212 lo marcaron como favorito,USD75.60,mar. 5 abr. y el jue. 14 abr. ,283493289185,https://i.ebayimg.com/images/g/RcgAAOSwkyhhCzcO/s-l300.jpg,https://www.ebay.com/itm/283493289185?_trkparms=5373%3A0%7C5374%3AFeatured%7C5079%3A6000007515
Calculadora GRÁFICA HP PRIME de mano,Nuevo,,US $129.99,Existencias limitadas,46 vendido(s),qualitycellz,151951,100% de comentarios positivos,30 días para devoluciones,90 lo marcaron como favorito,USD33.10,mar. 5 abr. y el jue. 21 abr. ,384406380292,https://i.ebayimg.com/images/g/A4IAAOSwh7RhSkDS/s-l300.jpg,https://www.ebay.com/itm/384406380292?_trkparms=5373%3A0%7C5374%3AFeatured%7C5079%3A6000007515
SWIFT 380B Microscopio Compuesto Binocular de Laboratorio 40X-2500X con Etapa mecánica 3D LED,Nuevo,,,Existencias limitadas,139 vendido(s),swiftopticalus,1905,100% de comentarios positivos,30 días para devoluciones,109 lo marcaron como favorito,USD73.39,mar. 5 abr. y el jue. 14 abr. ,283259503882,https://i.ebayimg.com/images/g/0gUAAOSw~8dhKlFe/s-l300.jpg,https://www.ebay.com/itm/283259503882?_trkparms=5373%3A0%7C5374%3AFeatured%7C5079%3A6000007515
Apple iPhone 11 Pro 64GB Desbloqueado-Mobile Verizon AT&T T Muy Buen Estado,Muy bueno - restaurado,100% Fully Functional - Very Good Cosmetic Condition. Very minimal signs of wear. See below for full ,US $428.95,16 disponible(s),311 vendido(s),supplytronics,80900,98.4% de comentarios positivos,572 lo marcaron como favorito,,USD36.66,mar. 5 abr. y el mar. 12 abr. ,304087129567,https://i.ebayimg.com/images/g/QC0AAOSwu~BhjSXk/s-l300.jpg,https://www.ebay.com/itm/304087129567?_trkparms=5373%3A0%7C5374%3AFeatured%7C5079%3A6000010237
Apple iPhone XR 64GB Desbloqueado en Fábrica-Mobile Verizon AT&T T Muy Buen Estado,Muy bueno - restaurado,100% Fully Functional - Very Good Cosmetic Condition. Very minimal signs of wear. See below for full ,US $254.95,Existencias limitadas,486 vendido(s),supplytronics,80900,98.4% de comentarios positivos,303 lo marcaron como favorito,,USD32.57,mar. 5 abr. y el mar. 12 abr. ,304104247943,https://i.ebayimg.com/images/g/4CkAAOSwddVhjS58/s-l300.jpg,https://www.ebay.com/itm/304104247943?_trkparms=5373%3A0%7C5374%3AFeatured%7C5079%3A6000010237
Apple iPhone 11 - 64GB-Desbloqueado De Fábrica-Muy Buen Estado,Muy bueno - restaurado,Fully tested and restored to factory settings by our in house technicians. - Very Good - This ,US $364.99,Más de 10 disponibles,1.197 vendido(s),electro-wireless,26940,96.6% de comentarios positivos,1.292 lo marcaron como favorito,,USD35.16,lun. 4 abr. y el vie. 8 abr.,144195214173,https://i.ebayimg.com/images/g/N0MAAOSw9JVhO7M9/s-l300.jpg,https://www.ebay.com/itm/144195214173?_trkparms=5373%3A0%7C5374%3AFeatured%7C5079%3A6000010237
Apple iPhone XR 128GB Desbloqueado en Fábrica-Mobile Verizon AT&T T Muy Buen Estado,Muy bueno - restaurado,100% Fully Functional - Very Good Cosmetic Condition. Very minimal signs of wear. See below for full ,US $277.95,Existencias limitadas,274 vendido(s),supplytronics,80900,98.4% de comentarios positivos,296 lo marcaron como favorito,,USD33.11,mar. 5 abr. y el mar. 12 abr. ,294291233520,https://i.ebayimg.com/images/g/rxIAAOSwiaZhjFYl/s-l300.jpg,https://www.ebay.com/itm/294291233520?_trkparms=5373%3A0%7C5374%3AFeatured%7C5079%3A6000010237
Garmin Forerunner 45 GPS HRM CORRER Smartwatch (blanco-renovar,Restaurado certificado,,US $129.99,Más de 10 disponibles,360 vendido(s),buydig,605396,99.1% de comentarios positivos,475 lo marcaron como favorito,,USD33.10,mar. 5 abr. y el jue. 14 abr. ,324376970125,https://i.ebayimg.com/images/g/33wAAOSwVrZfswOI/s-l300.jpg,https://www.ebay.com/itm/324376970125?_trkparms=5373%3A0%7C5374%3AFeatured%7C5079%3A6000012158
Garmin Forerunner 935 Negro Reloj de Triatlón Correr Con Gps 010-01746-00,Nuevo,,US $339.99,Existencias limitadas,172 vendido(s),gpscity,101233,99.6% de comentarios positivos,30 días para devoluciones,226 lo marcaron como favorito,USD34.57,lun. 4 abr. y el mar. 12 abr. ,184017340403,https://i.ebayimg.com/images/g/OjgAAOSwglldu289/s-l300.jpg,https://www.ebay.com/itm/184017340403?_trkparms=5373%3A0%7C5374%3AFeatured%7C5079%3A6000012158
Reloj Pulsera Garmin Forerunner 35 GPS Deportivo Azul Escarcha basado en la frecuencia cardíaca 010-01689-02,Restaurado certificado,"Manufacturer refurbished, inventory is direct from Garmin. Garmin replaces all accessories with new ",US $79.99,Existencias limitadas,1.278 vendido(s),gpscity,101233,99.6% de comentarios positivos,30 días para devoluciones,989 lo marcaron como favorito,USD28.46,lun. 4 abr. y el mar. 12 abr. ,173204629571,https://i.ebayimg.com/images/g/s04AAOSwsTdaodSs/s-l300.jpg,https://www.ebay.com/itm/173204629571?_trkparms=5373%3A0%7C5374%3AFeatured%7C5079%3A6000012158
"Luz Para Hombre Oakley Botas de Asalto 2, apagón - 11188-02E",Nuevo,,US $59.95,Más de 10 disponibles,1.056 vendido(s),bereli-inc,27746,98.7% de comentarios positivos,30 días para devoluciones,1.482 lo marcaron como favorito,USD69.99,mié. 6 abr. y el vie. 27 may. ,224450102450,https://i.ebayimg.com/images/g/JOsAAOSwdbVhiu87/s-l300.jpg,https://www.ebay.com/itm/224450102450?_trkparms=5373%3A0%7C5374%3AFeatured%7C5079%3A6000012158
